0.312914383,0.084199429,0.998439148,-0.548389782,-0.433166006
-0.731153286,0.151237279,0.008688981,-0.444882113,-0.302067873
-0.788930887,0.178325499,0.971202856,-0.355240297,0.820919272
0.987411218,0.269088465,0.500095019,0.353236888,-0.940526117
-0.292531146,0.516060891,0.773349005,0.698894899,0.133709823
0.194434187,0.399656605,0.635097585,-0.814676138,-0.961245219
-0.121612095,-0.73976808,0.313995829,0.594579177,0.213831747
0.208793679,0.229957931,0.430285401,0.312972804,-0.99684264
-0.687904146,0.646243922,0.987967821,-0.920135661,-0.481949858
0.383521201,0.615700119,0.692572734,0.211276377,-0.480518479
-0.826561101,0.810532549,0.139852415,0.43084501,-0.901193765
-0.583960674,0.484652641,0.922020258,0.229868472,-0.09697028
0.870623538,0.632162674,0.858604061,-0.514054467,-0.534929528
0.219764576,-0.80081117,0.074569195,0.304370284,-0.603213704
0.872486797,-0.423252584,0.857874285,0.388767925,-0.668507068
-0.120321759,0.624231207,0.677541583,-0.864450631,-0.270393706
-0.383908781,-0.062870123,0.816004778,-0.512210918,0.595659262
-0.677270074,-0.246478936,0.074309135,0.877265218,-0.77167072
-0.896976518,0.245841924,-0.45959545,-0.040286995,-0.546394117
-0.191233413,-0.342823814,0.487511139,-0.769478772,0.090700779
-0.49029742,0.474220471,0.43007307,0.07832492,-0.106747753
0.16152581,-0.337806139,0.994444158,0.903641317,0.325450374
-0.706337184,-0.602108822,0.551940003,-0.612331084,0.112164585
-0.529625045,0.899233187,0.165239771,-0.174282458,-0.166777557
-0.952577169,0.912183505,0.937504886,-0.673567067,0.282924134
-0.005911974,0.533556009,0.012047363,0.515256469,-0.694646026
-0.978348246,-0.412200724,-0.476463801,-0.284958258,-0.661514029
0.986503882,-0.464903508,0.789685666,-0.837205471,-0.63324755
0.638804053,-0.375815013,0.485117911,-0.569615655,-0.739962047
0.585796378,-0.623008869,0.497336765,-0.773303134,-0.753741748
-0.438537114,-0.194159555,0.921853246,0.020764999,-0.400584401
0.586679319,0.461812817,0.986527239,-0.222749397,-0.639518546
-0.900631071,0.828717405,0.707246352,0.52472297,0.827901592
-0.8561316,-0.370676003,-0.660047567,-0.103722288,-0.538191878
-0.693312092,-0.353977134,-0.364157939,-0.49866147,-0.55704422
-0.606365305,-0.464928119,0.358918736,0.024703878,0.407929809
-0.838286104,-0.144771364,-0.25482018,0.799853208,0.056424595
-0.423155611,-0.481537537,-0.544038283,0.568564518,-0.748783985
0.269387894,0.620917614,0.846940391,0.838516297,0.14554919
-0.716055701,-0.775014148,0.910787736,0.205101197,0.959577444
0.180987416,-0.948260692,-0.10888937,0.741319043,-0.909806303
-0.607791713,0.735257659,0.422397877,-0.68173117,0.291712005
0.325512493,-0.992610246,0.80140223,0.092130266,-0.293119747
-0.368741312,0.524683556,0.44935903,-0.182218513,0.202135991
0.25681797,0.567020022,0.927465193,0.539340425,-0.441974841
0.680192697,0.592199494,0.804661798,0.426921784,-0.650460579
0.521999012,-0.640064337,0.84681688,-0.209894244,-0.463186641
-0.978373536,-0.476859079,0.028501402,0.663475182,-0.668050002
-0.095434074,0.447321163,0.070742601,-0.407069497,-0.780313218
-0.878726664,0.119859531,0.618258355,0.715272862,-0.626961063
-0.639779281,-0.425773461,0.070646926,-0.998042874,-0.240062813
-0.512379978,-0.291035599,0.571540084,-0.750473921,0.144791778
-0.116143463,-0.654200768,0.764370361,-0.751611178,-0.09982353
-0.643556576,-0.840551608,0.424804382,-0.365041429,0.254438994
0.125325954,-0.576624213,0.190670092,-0.392109549,-0.511371698
-0.761683185,0.610453656,0.760478726,0.096451763,-0.933347883
-0.253021984,0.288282189,0.390225797,0.214165749,-0.253456335
-0.961973881,-0.472041203,0.264902175,-0.812034256,-0.047933112
-0.913898304,-0.733309805,-0.356864604,-0.348617302,-0.136793212
-0.358822601,-0.601549691,0.810621774,0.666851449,-0.273955171
0.156441133,-0.100992323,-0.05417277,-0.039238423,-0.787722654
-0.341595364,0.478920716,0.158885332,0.070533809,-0.167798862
-0.516717105,-0.850679351,0.847195671,0.814987151,-0.749963495
-0.673417247,-0.782060284,-0.080845545,0.599545135,-0.360016266
-0.788439122,-0.347485621,0.725842763,-0.999742684,-0.437529709
0.012894945,-0.662124829,0.771675998,-0.935669442,0.312484056
-0.842527459,-0.564828035,0.832885568,0.026133632,-0.926729423
-0.405209572,-0.76881663,0.362043412,-0.912680555,0.177619551
-0.629134876,-0.947349845,0.453886183,-0.710414803,0.377480851
-0.91410943,0.193677829,0.4665254,-0.54067762,-0.83546764
0.66827813,-0.529008485,0.63998389,-0.914268718,-0.667892722
0.220144593,0.36055482,0.458426648,0.488521815,-0.741817867
-0.555104574,0.542629543,0.536692615,0.923824619,-0.258182823
-0.584058823,-0.879242814,0.743446204,-0.24862588,-0.99201046
-0.503442677,0.086932642,0.208475424,0.312788354,-0.00666862
-0.374084214,-0.774856592,0.083432236,0.280248815,-0.456858586
-0.895968285,-0.206741491,-0.048108583,0.062031866,0.161330818
-0.982623885,-0.525183727,0.923396233,0.314575754,0.716955403
-0.055877302,0.044083262,0.647459858,-0.152519809,-0.783413713
-0.687749221,0.900077153,0.765808946,-0.060396633,0.501472297
0.326768062,0.668978517,0.747226398,0.299223502,-0.764928644
-0.785702747,0.696196706,0.740848623,-0.098782282,-0.416382893
-0.417614082,0.471187192,-0.140348837,-0.135211293,-0.732353408
-0.667026579,0.374623952,-0.495720952,0.006909132,-0.939233225
0.002644731,-0.611609015,0.418575044,0.515678762,0.098776189
0.763750178,0.581908674,0.418585135,0.863553913,-0.713625018
-0.465727032,-0.619520859,0.992282458,-0.798533493,0.158144922
0.461737138,0.757089422,0.981029434,-0.481495279,-0.085317962
-0.437258663,0.107925496,0.701934796,-0.729290403,-0.558460801
-0.893930976,0.197585572,0.051541712,0.082696153,-0.531355489
-0.237991343,0.62527183,0.934054549,-0.250854342,-0.67759825
0.473988024,0.447050564,0.942256433,-0.42608549,-0.473704264
0.77991055,0.739164464,0.678812098,0.369091567,-0.58004291
-0.775999115,-0.378208214,0.941976156,-0.320574223,-0.578108294
-0.841603571,-0.908812364,0.638502399,-0.279262166,-0.660994358
-0.895426052,-0.54970033,-0.139507208,0.113661926,-0.591512579
0.469032418,0.767381534,0.990967124,0.328650686,-0.944798685
-0.683110026,-0.613191317,0.965177315,-0.370723421,0.249707379
0.55466602,0.835269948,0.75994979,0.581208802,-0.129973448
-0.517915602,-0.768065434,-0.237508522,0.909289045,-0.471716504
-0.722509849,0.546783596,0.445441145,0.796604596,-0.181804529
-0.991023508,0.551344443,0.094950974,0.135281481,0.066985856
-0.614693546,0.435685724,0.768491672,-0.420974593,-0.484163348
-0.878911201,-0.283617233,0.689505345,-0.604431376,0.947740566
-0.475248302,-0.244008971,0.96971171,0.393249884,-0.043040983
-0.307851055,-0.65540714,0.058318654,0.802794945,-0.627703534
-0.981911577,-0.844994166,0.637232397,-0.36984693,0.364387096
-0.709458167,0.410749116,0.242034501,0.068570671,-0.107104223
-0.569221777,0.256588928,0.62378144,-0.523254277,-0.338672487
-0.175974496,0.700024092,0.139298337,0.687298427,-0.512068977
-0.509438309,-0.816368605,0.865974091,-0.385139655,-0.419517558
-0.701522836,-0.015684351,0.550950628,-0.266691922,0.620641179
-0.72338804,-0.712332955,0.251322011,0.582411646,-0.290437958
-0.958873963,0.903081811,-0.428274432,0.968551649,-0.428941538
-0.407313949,-0.787101845,0.383095036,-0.729780538,-0.519770016
0.201132746,0.496709041,0.611190996,0.502237314,-0.151524127
0.414801306,0.387890333,0.387947392,-0.223048502,-0.593052346
-0.846555047,0.409727061,0.768326004,0.908322062,-0.621309937
-0.975242986,0.883417442,-0.610730238,0.663967068,-0.935396529
-0.901894784,0.17729206,0.497544929,0.793076389,-0.656346991
0.663393206,0.957430482,0.97280079,-0.90348524,-0.954459544
-0.726891283,-0.869765459,-0.334973885,0.560267484,-0.503669021
-0.653666532,0.258874477,0.585764471,-0.596000119,-0.040400117
-0.293730874,-0.080133428,-0.099781176,-0.13458884,-0.825746585
-0.724056358,-0.335890836,0.564973742,-0.289007167,-0.635698272
0.818803761,-0.668807473,0.926990555,0.982529669,-0.589597142
-0.731057792,-0.199990096,0.587392578,0.344540455,0.940681822
-0.770675215,0.653257143,0.784183637,-0.114006093,-0.109585844
-0.650895015,0.164114198,0.444738721,0.260202617,0.346870619
-0.180194043,0.392615408,0.559575373,-0.567721049,-0.942791371
-0.030105895,-0.171890319,0.690244533,-0.989331068,-0.224301741
-0.526416366,0.864096365,0.574831526,-0.408504944,-0.904926893
-0.327390248,0.175930614,0.400225129,0.559918192,-0.616944551
-0.493576489,-0.009411048,0.829874516,0.53922033,-0.946069763
0.094113739,0.155512407,0.005468485,-0.966260411,-0.910995672
-0.863269588,-0.03875179,0.547227823,0.091637408,-0.212054534
0.002051932,-0.185151513,-0.170022762,-0.374289487,-0.871487747
0.049085054,-0.77808062,0.846095024,-0.339950948,0.527145468
-0.796219957,-0.365567451,-0.001334109,0.166697511,-0.393077486
-0.96813888,-0.656285839,-0.553891535,-0.326883807,-0.761054913
0.048767664,0.363757391,0.825202442,-0.917861361,-0.241241368
-0.786834361,0.303968096,0.647326644,-0.395690632,0.404849881
-0.538049998,-0.732412002,0.74295815,0.873396496,0.215678212
-0.526104644,0.334884736,-0.536258372,0.662883992,-0.720796325
0.060485858,0.647456152,0.858593148,0.172776267,-0.556598126
-0.884205349,0.519674574,0.243874097,-0.508039827,-0.696521242
0.131217542,0.908553741,0.57385239,0.282056136,-0.499105611
0.594224694,0.918573838,0.798848945,-0.924331391,-0.529566416
-0.243881913,0.37652266,0.839306124,-0.42428054,0.510664703
-0.419007462,0.513405659,0.87070053,0.454912647,0.284607964
0.093180956,-0.523859022,0.939538384,-0.179249617,-0.734964938
-0.813959739,-0.326004506,0.379283706,0.226694172,-0.315156161
-0.954892056,-0.505813811,0.69785647,-0.966451609,-0.01001976
-0.071967451,0.524705639,0.699989427,0.348097423,-0.74287352
-0.909210918,0.243768888,0.222615879,-0.279946955,-0.711890261
-0.845381997,0.452661018,0.837082889,0.25776972,0.882551473
-0.222439146,0.522914734,0.965163226,-0.121468534,0.17952873
0.245317327,0.315910379,0.808209492,0.146257691,0.016522965
-0.81533005,-0.456068495,-0.53890177,-0.03540356,-0.46797289
-0.101924078,0.189127994,0.991596004,-0.666078113,0.520728496
-0.512086726,-0.959105226,-0.289978225,-0.895728445,-0.57616652
-0.866582598,-0.747948302,0.566989708,-0.885291783,-0.237240003
-0.726504569,-0.766624589,0.79449837,0.705689835,-0.377591084
-0.812576267,0.492218048,-0.04263309,-0.716303893,-0.561634855
0.162462176,-0.518601204,0.751994178,-0.432428457,-0.275709678
-0.778023267,0.505809892,0.820419096,0.646888479,0.697898806
-0.748319977,-0.895336516,-0.246882778,0.885836242,-0.104524496
-0.076306865,0.79857324,0.350048364,-0.586835455,-0.42084134
0.789694865,-0.818344719,0.694365305,0.062001791,-0.674429893
0.007181153,0.316805153,0.665789873,0.717747493,0.351308392
-0.967763524,0.724945058,-0.031016447,-0.583064029,0.0268293
-0.972539409,0.78227079,0.441277082,0.351403628,-0.723094344
-0.575580175,-0.837994575,0.437517998,0.355998099,0.576617875
-0.546874283,-0.26928687,-0.003031844,0.940912052,-0.435396455
-0.563657073,0.826505871,0.789777496,0.025524887,-0.605010287
0.45773482,0.751472242,0.642503111,0.363564742,-0.544927862
0.478900958,0.560487227,0.893950382,-0.150228723,-0.197968537
-0.815645076,-0.128702874,-0.111182007,-0.275904306,-0.026740021
-0.964833435,0.213364599,0.819955473,-0.500856639,-0.185184368
-0.150541799,0.340893667,-0.026487595,0.293664672,-0.416488919
-0.446893641,-0.68470462,-0.440847651,-0.671682781,-0.852198154
-0.276348061,-0.534254812,0.927295734,-0.162471427,0.695862865
-0.399688463,-0.786191322,0.030644497,-0.754570186,-0.202477985
-0.646749355,-0.436138891,0.016650181,0.414401698,0.341116323
-0.906338198,-0.438974192,0.771529242,-0.402335394,-0.329262618
-0.411217147,0.768190839,0.01506297,-0.031306645,-0.537816804
-0.132106817,0.120817952,0.741073679,0.828210646,-0.039260814
-0.110509252,0.330268748,0.908802486,-0.674879641,-0.199460069
-0.77191234,-0.041660016,0.678238619,0.624360389,0.56724003
-0.309385196,0.771635609,0.251992323,-0.545885343,-0.929785501
-0.370110514,0.123491241,0.421618926,0.828329212,-0.477187423
-0.87041887,0.004514972,0.417368355,-0.871294564,0.053235895
-0.903281471,0.018644471,-0.423333703,0.821192768,-0.352109601
-0.658398868,0.062791779,0.943303553,0.701625832,0.789190159
-0.123746377,-0.668108013,0.138089625,0.373087471,-0.698802858
0.114258229,0.264728449,0.257499685,0.64760208,-0.593390866
-0.748153994,-0.161817247,-0.087188772,-0.269307809,-0.862940767
-0.410445184,-0.393330513,0.974006595,-0.626759618,0.228971357
-0.984676479,0.217522886,0.937509595,-0.573087124,-0.861606426
-0.6642456,0.313295466,0.89542492,-0.185996525,-0.147939149
-0.74353859,-0.239920174,0.47110702,0.24819142,0.368507699
-0.549192482,0.934370657,0.302238388,-0.092853194,-0.842197886
-0.28839639,0.561131556,-0.115348569,0.345627835,-0.805658207
0.432421853,-0.03969246,0.848481747,0.970783615,-0.706809878
-0.576192232,0.431191989,0.947614673,0.067843435,-0.121219957
-0.133032004,-0.315730768,0.227015115,0.501252799,-0.14048641
-0.580126016,-0.424728068,0.223618509,-0.470953123,-0.186555666
-0.015066277,0.321778023,0.618459682,-0.315975858,-0.949179124
-0.619314563,-0.765443721,0.571816386,-0.51333968,0.812402158
0.360187925,-0.582289763,0.984627139,0.473173982,0.425310749
-0.899522144,-0.642985034,0.083014384,-0.781737285,-0.509035733
0.51225312,-0.913802989,0.165306081,-0.243629985,-0.925615858
-0.529369123,-0.677360681,-0.322819481,-0.02525389,-0.415402129
0.742464843,-0.468630366,0.361437864,0.20464137,-0.92023785
0.411942804,-0.985451273,0.476766052,0.616576468,-0.878686418
0.230760402,-0.74559706,0.77688134,0.693539904,-0.384558886
-0.685882122,-0.054304942,-0.015422338,-0.505422935,-0.068249708
-0.313571927,-0.789128946,0.8686019,0.659039081,0.934422726
-0.61044279,-0.637200215,0.347394578,0.988465355,-0.550166454
-0.399230075,0.12747739,0.739384558,-0.531185176,0.300497778
-0.899942105,-0.457309765,0.655099433,0.316843776,-0.072380561
-0.55555019,0.127859935,-0.168920015,-0.702137087,-0.61417875
0.14079746,-0.53380446,0.107949074,-0.496507205,-0.741649358
-0.884289099,0.525031084,0.285623579,-0.512988065,-0.826646822
-0.761582041,-0.354191175,0.48280621,-0.782135639,-0.279010805
0.798565443,0.967621654,0.867788283,0.323486388,-0.476925612
-0.488531158,-0.370826451,0.478566273,0.038959741,0.45182482
-0.677330308,0.213404074,0.558604772,0.750380496,-0.621786251
0.208897335,-0.648078783,0.988014399,0.445503192,-0.798096908
0.319923169,-0.857436389,0.71918206,0.058482418,-0.29444972
0.350849017,0.198504207,0.626113194,-0.388910587,-0.644493009
0.006727174,0.041825976,0.998760713,0.523645638,0.348722439
0.011215641,0.290160037,0.875328616,0.005694134,-0.551966899
-0.466314972,0.108475005,0.398573742,-0.311268363,-0.70070446
-0.820405273,-0.383210922,0.566941161,0.260191389,-0.552183376
-0.664662773,0.988238324,0.400703168,0.794634768,-0.37611964
-0.996529322,-0.973757944,0.062535416,0.515817762,-0.968230627
-0.350440207,-0.695468711,0.155044619,-0.359147194,-0.563384558
-0.474706881,0.551499628,0.077655619,0.119465303,-0.44662553
-0.875553858,-0.569567224,-0.078954709,0.646912394,-0.201917163
-0.895047521,-0.942579211,-0.000159703,-0.506047988,-0.699349971
-0.864883762,-0.686861023,-0.564163418,-0.25126965,-0.354114642
-0.743936249,-0.943533029,0.744489214,0.618611537,0.535028795
-0.037449852,0.283192075,0.886160622,-0.428272812,-0.730337861
-0.978977646,-0.856101466,-0.11090034,0.168168693,0.313924235
-0.541123698,0.37964427,-0.453345267,-0.454878347,-0.840084927
0.514951226,-0.876695077,0.692447091,0.800204631,-0.095001091
-0.6187442,0.352570958,-0.098437299,0.505140172,-0.034581356
0.721976831,0.202947509,0.543354476,-0.674464154,-0.818470565
-0.715980679,0.029158149,0.908255778,-0.863548268,-0.958547622
0.84591228,-0.467912576,0.368556405,0.805120001,-0.799922913
-0.874435309,0.383055643,-0.042393872,0.183268593,-0.312972784
-0.451008379,0.880062215,0.665402152,-0.613908549,-0.728450372
-0.027911973,-0.93329162,0.33516922,0.754575208,-0.697669685
0.49164313,0.904674248,0.594217334,-0.401859436,-0.897356459
-0.391030869,0.794291716,0.510081097,0.523316883,-0.765669006
-0.063458498,0.94242608,0.809457211,0.157637872,-0.756737675
-0.553630869,-0.934491877,0.009642744,-0.151260911,-0.422053023
-0.0429047,0.666693672,0.997682782,0.670438555,-0.40941367
-0.978283952,0.982106924,0.961309115,0.355719429,0.75149324
0.001444808,-0.489259628,0.94525916,0.964954025,-0.235058601
-0.01258928,0.808577001,-0.094352556,0.750643289,-0.78619282
-0.490824172,-0.713043304,-0.121365927,-0.833556308,-0.455099785
-0.529647117,0.372260595,0.739110512,-0.96513156,-0.65670551
-0.729378454,-0.92484412,0.93013746,0.849069586,0.763477336
-0.760887074,-0.289352406,0.6345837,-0.00297689,0.491155994
0.417742073,-0.810738197,0.775770112,-0.560168263,-0.665722293
-0.136635772,0.140358342,0.784581086,0.56537428,0.748494041
-0.283552851,0.746483061,0.788027927,0.386781063,-0.217490336
-0.219402616,0.542621564,0.737581362,0.938965409,0.281968936
-0.760337865,0.430839055,0.930338015,-0.950981737,-0.441855255
0.537106452,0.180318098,0.772239007,0.362188332,-0.209493499
-0.943519604,-0.165036035,-0.033269071,0.277253528,0.298177826
-0.616633844,0.259632538,0.838436307,0.348537438,0.616940278
-0.14333584,-0.95921495,0.530666279,0.35747694,0.337428104
-0.984519502,0.080154167,0.897732076,0.398418945,0.186679683
-0.979035902,-0.884245407,0.38310119,-0.897718946,-0.670528817
-0.47396856,0.227110488,0.800539609,-0.143500371,-0.951011021
-0.775278799,-0.137716635,-0.579997365,0.52594517,-0.850533948
-0.174609211,0.9523724,0.517678062,0.835858636,-0.021323189
0.715734243,-0.304039334,0.652068436,-0.773700734,-0.734627025
0.852336043,0.113801092,0.712056376,-0.071868505,-0.907579767
-0.225975746,0.725177384,0.975906629,-0.005563207,-0.641010305
-0.376796427,-0.123443136,0.225639962,0.126077975,-0.254435661
-0.574297447,-0.346707576,-0.241286861,-0.55919965,-0.463947991
-0.7399069,0.733406959,-0.183281821,0.026028363,-0.692737476
-0.466758524,0.726603329,0.660054222,0.51387483,0.825815611
0.72516889,0.026562095,0.695522886,-0.702384667,-0.60646379
-0.303553418,-0.508069515,0.987458567,-0.443409308,-0.560672227
-0.366906748,0.585614756,0.683317638,0.170868025,-0.484831097
-0.744433776,0.606792124,0.936734883,-0.779432707,0.57692309
0.402000918,-0.58789069,0.750637695,0.331333634,-0.942963931
0.448673823,0.857427118,0.37996197,-0.907612228,-0.958583473
0.464999429,-0.437725551,0.910342469,0.338832852,-0.756830665
0.570497089,0.919936531,0.957087739,0.803155866,-0.912779537
-0.932251175,-0.088632089,0.46569847,-0.899614332,0.0842089
-0.708168634,-0.820497235,0.501331791,-0.755681215,-0.646438658
-0.356377561,-0.867294236,0.069361775,-0.809868239,-0.255273381
-0.193647969,0.489714911,0.240506232,-0.749838399,-0.915820164
0.321804033,-0.699010726,0.781481223,0.294212505,-0.329645554
0.329864946,-0.143243132,-0.071124541,0.079157526,-0.817105588
0.995763327,-0.845631406,0.652251116,-0.281964494,-0.289612614
-0.154011692,-0.379796156,-0.855995253,-0.89846914,-0.934364787
0.452146414,-0.714774127,0.297540482,-0.01802616,0.356959863
0.008362794,-0.150534069,0.218925841,0.731446576,0.046418458
0.011812788,-0.563829147,-0.243647317,0.43554654,-0.626997244
-0.217239595,-0.804827724,-0.459197996,-0.238253385,0.157057115
-0.087810631,0.651846521,0.074052773,-0.954316015,-0.672975114
-0.462370089,0.12570481,-0.837642526,-0.227051329,-0.335325698
0.820421569,0.646856443,0.317884791,0.300636503,-0.930893367
-0.932998804,-0.782244379,-0.505429221,-0.971821935,0.738058164
0.919546013,-0.776003817,0.894196705,-0.118650007,-0.090721412
-0.271020591,-0.669792003,-0.332004617,0.538519848,-0.331622573
-0.410555674,0.287271602,-0.270947228,-0.572040678,0.148440489
0.084392554,-0.59514577,-0.264729811,0.070152613,-0.102756595
0.310233126,0.275856341,0.43918341,0.613348661,-0.12046958
0.511637271,0.850909892,0.202485175,-0.796034142,-0.859743399
0.316991784,-0.913585954,0.68930787,-0.554665201,0.619297701
0.129092777,0.272041965,-0.578001093,-0.013120892,-0.592404338
0.379462322,-0.59994812,-0.303465127,0.163574281,-0.453063505
-0.1452172,0.735741476,0.430614225,-0.7657831,0.415758808
0.555637865,-0.383363362,-0.055538574,-0.531237812,-0.944267466
-0.123972394,-0.504399588,-0.421085406,-0.250359893,-0.415777503
0.016156357,0.959531007,-0.042592832,0.998143207,0.181142966
0.327727991,0.978650158,0.197855355,0.869579893,0.409814885
-0.310728512,-0.735522375,-0.468305285,0.446643612,-0.143752958
0.544443881,-0.273272814,0.543188498,-0.577723533,-0.102634444
-0.490857569,0.146502683,0.575434986,-0.654192734,0.728145605
-0.126838533,-0.727725371,-0.103039529,-0.047683795,0.226577364
-0.855448642,0.892921077,-0.842299257,-0.210396095,-0.956248372
-0.506148835,0.921810587,0.108668576,0.467227271,0.200157632
0.146422546,0.992662894,0.140676915,-0.588958003,-0.762966182
0.327930847,-0.906772263,-0.306713283,0.210091878,-0.330071731
-0.453535834,0.157033157,0.053611527,0.974179091,0.39164485
-0.170238072,0.596827667,0.184115342,0.803987046,0.895634705
0.506109692,-0.363874405,-0.708586188,0.943243137,-0.915955541
-0.039477985,0.113547159,0.542054702,0.970855574,0.914219549
0.652481177,-0.590270554,0.42110564,0.90093648,0.378824258
-0.767402741,0.282518876,0.125511584,-0.792783528,0.861700294
0.121234488,0.651852549,-0.276032657,0.748683258,-0.256355761
-0.121071578,0.864412299,0.568943837,0.209279819,0.980373931
0.925359464,0.018251398,0.187628179,-0.877499347,-0.772308215
0.076506362,0.51576874,-0.902562653,-0.148386143,-0.984379564
-0.525150117,0.18756676,-0.60707665,0.598034683,-0.09398111
-0.889405752,-0.021200483,-0.769160852,0.743686763,-0.36621083
-0.092370528,-0.636280776,-0.065905334,-0.00993816,-0.052430506
-0.800150639,0.814474564,-0.329060117,0.057567935,0.357536533
0.076122576,0.833270497,0.342642712,0.397641378,-0.007773704
0.267690785,0.68045834,-0.091913953,0.786450412,-0.501729821
-0.474683234,-0.460900359,-0.060367803,-0.84323667,0.74163824
-0.113137897,0.912388808,0.800752118,-0.568634362,0.545890147
0.255906458,0.744140769,0.74716072,-0.782914309,0.300909131
-0.904736038,-0.446301879,-0.395432576,0.849322053,0.595487165
-0.339719506,-0.822740351,-0.270285974,-0.172999418,-0.062615712
0.237120002,0.516394207,0.238407236,-0.361757436,-0.405464523
0.029586509,0.90765177,0.29002275,0.706442799,0.423363649
0.247621691,-0.771631833,-0.824712311,0.608992303,-0.903672299
0.246723032,-0.613570845,-0.063254196,0.245677668,0.203227586
0.523739349,0.514417235,0.142880998,-0.67126174,-0.909196572
-0.138575561,-0.336948923,-0.664458513,0.11842004,-0.692026844
-0.198601919,-0.51417742,0.155434682,0.86607912,0.622346261
0.404021958,0.881043809,0.284954135,-0.375301125,-0.369536347
0.084936675,0.736492888,0.339434369,0.975893261,0.361715121
0.5910637,0.197627887,0.590901724,0.415534257,0.175692348
-0.948180807,-0.108793301,-0.708810151,-0.546456213,0.368017156
-0.7905916,-0.074949473,-0.014407974,0.577834212,0.688185678
0.700518668,0.851920569,0.401324696,0.629147509,-0.520287126
0.676300479,-0.813515089,0.1257535,-0.124851262,0.107905977
-0.313642275,-0.725974283,-0.100604868,0.99661557,0.855304238
-0.157146096,-0.023637115,0.547246681,-0.547129791,0.992648237
-0.515810914,-0.936581832,-0.787624886,-0.775366922,-0.169055139
-0.976273156,0.70855484,-0.994486225,-0.593644331,-0.291359415
0.663208433,-0.697695317,0.981950919,0.731831461,0.977183413
-0.653369,0.482860115,-0.373587259,0.130677462,0.436361618
0.317736493,0.997935391,0.7352442,-0.946809101,0.136943703
0.715886954,-0.758710843,0.696016108,0.003582369,0.357922266
0.386266497,0.006225018,0.354505327,-0.13304237,0.440873796
0.497016295,0.817709964,0.578319989,0.66021505,0.668450364
0.17955325,-0.828875248,0.305965573,0.659125626,0.730218648
0.447534683,0.960757375,-0.285649897,-0.174903972,-0.619950592
-0.099308763,0.184639775,0.046069247,0.625060158,0.554039233
0.879320541,0.042492824,0.925943577,-0.147723635,0.06292041
0.65342288,-0.657526553,0.597211659,-0.910504889,-0.35009381
0.211229374,0.76208343,0.666026731,-0.517011078,0.920401333
-0.728650099,0.436335855,-0.232437805,0.123451284,0.302322576
-0.064898216,-0.963054813,-0.346272543,0.72074853,-0.290339189
-0.654374346,0.722634872,-0.286853877,-0.522615745,0.321623565
-0.69793076,0.620759783,-0.785108582,0.085705203,-0.930538691
-0.646623662,0.222369833,-0.513942228,0.690152602,0.165506119
-0.196402122,-0.055889796,0.11753735,0.412743461,0.653905091
-0.798013789,0.711408358,-0.123768622,0.608846901,0.939807125
0.256796553,-0.29719283,-0.524249138,0.06215933,-0.582735309
0.104828375,-0.870154182,-0.189891106,-0.05646075,-0.045091542
-0.001767412,0.199134917,0.200988338,-0.704075627,0.154984283
0.82200823,-0.190083522,-0.023496509,0.462243622,-0.314527899
0.899641055,-0.468417421,-0.026878578,-0.450100579,-0.935677179
-0.646738143,-0.91930951,-0.510686173,0.870375103,0.696525673
-0.040068942,-0.093696975,0.020675971,0.807637849,0.109762848
0.081331746,-0.560390431,0.165388161,-0.338786464,0.385570495
0.237661923,-0.39912075,-0.709414692,-0.39775982,-0.761794348
-0.156781534,0.629312066,0.40810095,0.346447656,0.492578705
-0.423454646,0.569101403,-0.883324534,0.160842029,-0.890421133
-0.093650137,0.022686355,0.165941905,-0.467054962,-0.099391672
0.398105368,-0.303139267,0.300697204,0.158048564,-0.307426415
-0.991281516,-0.120071419,-0.947378137,0.152279605,-0.350630193
-0.59777735,-0.212878018,-0.46735553,-0.605060342,-0.036160219
-0.240706276,-0.913695143,-0.55859048,0.586115453,-0.158984095
-0.380611749,-0.422955792,-0.202555203,-0.394570494,0.341831728
-0.720807073,0.257825337,-0.42115488,-0.786871764,-0.133410035
-0.366048785,0.699023418,-0.473586735,-0.681795101,-0.461128946
0.407430755,0.759354568,0.662515352,0.952878384,0.600229465
-0.166948376,0.566519939,-0.570554819,0.338169037,-0.564997618
-0.375093966,-0.440201314,-0.116253662,-0.20311544,0.649473866
-0.57016302,-0.670408873,0.144688169,0.528748428,0.667831799
-0.48672696,0.966349954,-0.199651124,0.136004801,-0.136272086
0.902868555,-0.954575423,0.197435508,0.558941542,-0.028197619
0.141125611,-0.895821693,-0.659382015,0.436281569,-0.444222516
0.247818157,-0.022538205,0.314685658,-0.30726192,-0.149024174
0.265795982,0.176276313,0.941495449,0.109674058,0.632302246
-0.046828915,-0.123185685,0.408274865,0.071747875,0.30414734
-0.873440852,-0.989406978,-0.159035553,0.356653759,0.587836258
0.222311961,0.337663365,-0.175161494,0.984860877,-0.154923164
-0.491762339,0.682648831,0.220283489,0.674843448,0.758525962
0.800817048,0.74350462,0.319242407,-0.289561812,-0.889055683
0.411527413,-0.06312103,-0.34578602,0.47590571,-0.848939413
-0.704008238,0.287140697,-0.751526,-0.87622551,-0.717791615
-0.542528555,-0.646373308,-0.444934132,0.725767942,0.23162778
0.017079171,0.022341342,-0.29622949,-0.23276846,-0.035959896
-0.032335321,-0.8102859,-0.618348718,0.346824279,-0.442218962
-0.624909441,-0.803343214,-0.549592192,-0.975631973,-0.047039485
0.072358012,0.947265392,0.511450696,0.2069922,0.759693859
-0.827369496,0.368116956,-0.607977116,-0.982071131,-0.032002989
0.675736032,-0.151859245,0.281282318,0.970577222,0.123696202
-0.990193316,0.674571294,-0.910088741,0.605228002,-0.18938775
-0.742949195,0.69724711,-0.94107474,-0.643642605,-0.362172484
-0.887282425,-0.351685496,-0.640515904,-0.888123325,0.076561925
-0.927015392,-0.395111142,-0.23787642,-0.586130484,0.358301028
-0.688615523,-0.411285399,-0.429965271,0.442227239,0.659166475
-0.248476998,-0.075894309,-0.507740957,0.612182773,-0.202561001
-0.432750094,-0.82361396,0.046307183,0.192011775,0.469373069
0.882946308,0.845281723,0.257561066,0.163632151,-0.756843341
0.876610493,0.597769518,0.316052411,-0.391548897,-0.316736121
-0.037718677,-0.586188556,0.252594504,0.68752632,0.942830815
0.888531361,-0.618468187,0.932782664,0.525113421,0.664478358
0.001237438,-0.1655656,-0.957852206,0.928981073,-0.567023771
0.599350319,0.006007641,0.968486676,0.414723627,0.48989538
-0.676694242,-0.228284798,-0.285791578,0.296517014,0.985469796
0.326910866,0.465159436,0.994313787,-0.25886667,0.430178066
0.784300984,-0.027305162,0.745937288,-0.104581971,0.302413517
0.176505278,-0.44405949,0.433210059,0.026356511,0.340200722
-0.972644427,0.391746429,-0.165313356,-0.469410131,0.640694349
-0.624612286,-0.834318715,-0.322386366,0.85372983,0.819880933
0.634668196,0.300997989,0.035904609,0.793649819,-0.722035723
-0.619349729,-0.268113064,-0.287322082,0.947446222,0.467124935
0.979695152,0.768722721,0.149825071,0.941691333,-0.372333537
0.572018909,0.202444436,-0.495189653,0.879431673,-0.834127434
-0.039936694,-0.463947979,-0.153348891,0.483132475,-0.217534126
0.905802706,-0.447027197,0.962703027,0.849052048,0.444518685
0.128476537,-0.728105578,-0.055482039,-0.411685055,0.102427611
-0.717239077,0.472036574,0.355665604,-0.646311628,0.980506846
0.161531047,0.855053974,0.045042751,0.126774006,-0.254105041
0.425997033,-0.265772104,0.524546437,0.834282506,0.963863909
-0.430027513,-0.415999376,-0.160466451,-0.435181282,0.584270314
0.079936007,-0.078771788,-0.213396094,0.918295031,-0.250277345
0.073071232,0.628139702,0.731081435,0.298134349,0.398284003
-0.758597889,-0.744466417,-0.807556327,-0.136625153,-0.254435072
0.028456358,-0.077789123,0.22322995,-0.775582836,0.285555991
-0.049854352,-0.605519205,0.178514123,0.759705084,0.349790336
0.825230896,-0.920802115,0.158763884,0.882029465,-0.560604663
0.789211341,0.478508022,0.816338243,-0.108289693,0.305695616
-0.601591636,-0.270222332,-0.575603775,0.910753985,0.501508298
0.894327716,0.701989847,0.63432841,-0.208800587,-0.385278526
0.737222489,-0.047348135,0.168589554,-0.408125432,-0.714470997
-0.213907225,-0.73865615,-0.042145005,-0.401187328,0.388301759
0.426897518,0.269164998,0.434060449,-0.491826957,0.162885018
0.030915978,-0.630926996,0.654316255,0.720267806,0.849152526
0.01774406,-0.152963943,-0.93450615,-0.266285756,-0.960164866
0.39708555,0.365745755,0.145591582,0.132840952,-0.294668495
0.086809628,-0.354185315,-0.020004139,0.545773278,-0.360401551
0.011118549,0.663341442,0.508938754,-0.257959695,0.997611941
0.644768332,-0.524459097,0.374670596,0.465118173,0.29108523
-0.073039354,0.712077496,-0.166490062,-0.727956833,-0.89879403
0.588715143,0.317275264,0.564912088,0.205546734,0.178946567
-0.787972488,-0.68308121,-0.455999668,0.516828489,-0.042115226
0.106351322,-0.824688523,0.404014865,-0.529915401,0.547558059
0.045042185,0.142958556,-0.27548751,-0.108020159,-0.938045068
-0.403001938,-0.189551103,-0.06082144,-0.133815483,0.160092665
-0.411874051,0.004004407,-0.737589809,0.435091749,-0.005451806
-0.151545733,0.9675794,-0.140943806,-0.326143654,-0.176797122
0.319447528,0.522558528,0.856273471,-0.560313343,0.382350516
0.657098889,-0.418546595,-0.296140356,0.060600546,-0.501206554
-0.172068815,-0.0002712,-0.451791525,-0.793107826,-0.881601967
0.041142679,-0.090734627,0.686346924,-0.201718495,0.492001955
0.898838705,-0.36725982,0.04313502,-0.644228979,-0.868977343
0.018641179,0.244995524,-0.139721322,0.696113689,-0.507512772
0.48217759,-0.478640715,0.271508138,-0.211567245,-0.424077451
0.552856248,0.595605993,0.387602048,-0.090551601,-0.049028348
-0.327926985,0.727063464,0.433354858,0.718262364,0.713970007
-0.003301223,0.950854906,0.366203361,0.525981063,0.755815688
0.096770614,-0.707560492,-0.668794211,0.338703935,-0.901624005
0.259902383,0.062970578,0.199854509,0.431230942,-0.110514013
-0.238726256,0.105551153,0.156914564,-0.059203152,0.119892371
-0.486145506,0.462750634,-0.182188713,0.122262158,-0.17246494
-0.511497369,0.546415142,-0.127589445,-0.716443727,0.11085791
-0.563817245,0.977200731,-0.203411001,-0.270541595,0.463393785
0.242155903,0.181236489,0.589393631,0.831135198,0.623809237
-0.573642491,0.732469281,-0.69772243,0.185667526,-0.767012963
-0.6007665,0.241732998,-0.826911143,-0.612338364,-0.426802627
-0.209897373,-0.162702135,-0.163259253,0.758807452,0.29822079
-0.201079919,-0.337678256,-0.92417482,0.792936002,-0.809222988
-0.291158178,-0.867078471,-0.563282967,0.936765548,0.301909008
0.28668558,0.451604618,-0.236601846,-0.393994746,-0.391333188
-0.317502714,0.832845378,-0.415201738,-0.577575932,-0.660046799
-0.227219552,-0.009482489,-0.489539934,-0.291153646,-0.842339824
-0.678265853,-0.44071958,0.053921924,-0.611489823,0.544934077
0.409592643,-0.9805098,-0.768766681,0.066822703,-0.873069204
-0.045546761,0.352769624,0.286270639,0.768521005,0.846162189
-0.134240665,0.832266859,-0.014990551,-0.476009111,-0.386703636
-0.482156097,-0.969894918,-0.533950982,0.661873302,0.262654679
0.111271216,0.501657509,0.537071492,0.101925711,0.862706569
0.556979612,0.859232066,0.903217039,0.291399075,0.528732189
-0.057789013,0.514304422,-0.22438774,-0.083000157,-0.151533504
-0.765485269,0.466855651,-0.240244814,0.749966972,0.227930083
-0.566525453,0.887039713,0.025850622,-0.47044366,0.659672057
-0.110188924,0.371222412,0.244030693,0.106549173,-0.023251711
-0.408526851,-0.983413116,-0.47108776,0.582945812,0.515458033
-0.052579559,0.174310475,-0.577975192,-0.51353945,-0.872340263
-0.291510471,-0.863185994,-0.808069371,0.380067639,-0.757821199
0.561256201,0.975835308,0.170794414,0.101570113,-0.681377505
-0.374016589,0.57901583,0.531035061,-0.860042491,0.933584501
0.196963727,-0.313977029,0.486500656,0.47401596,0.840836124
0.954120283,0.730070373,0.156775273,0.173089547,-0.746875455
-0.578707247,0.857818121,-0.02879034,0.337647696,0.893620066
0.047788811,-0.685483214,0.080591194,-0.552777275,-0.061338124
0.858705266,-0.932172317,0.2925529,-0.788386182,-0.162640057
-0.651653979,0.120636693,-0.392904863,-0.93573028,-0.027420333
-0.950588083,0.124257694,0.20200343,-0.62053392,0.951456786
0.820697884,-0.664547134,0.171715308,0.301316703,-0.796434268
0.818652121,-0.280251732,0.128295433,0.863187144,-0.649302172
0.560563905,-0.773105323,-0.149993093,0.253769161,-0.450321705
-0.513219391,-0.031580312,-0.994005769,0.251726242,-0.540091053
-0.95529041,-0.341045364,-0.646484126,-0.869647761,-0.519056545
-0.863515148,0.026930424,-0.01288624,0.113984424,0.595545206
0.089510962,-0.097385038,-0.805260501,0.840641675,-0.486216214
-0.003751144,0.557569813,0.214469051,0.452806604,0.200044356
-0.882379389,-0.306967841,-0.929529363,0.484452436,0.108703889
0.465352913,-0.4958736,-0.147756105,-0.212696296,-0.23917976
-0.058821362,-0.817118315,-0.746942115,0.890986971,-0.129385372
-0.595909353,-0.129529983,-0.815757357,-0.84553762,-0.848176922
-0.168028589,0.909152765,0.305463542,-0.244088772,0.877538584
-0.489637387,0.788988286,-0.637366922,0.744004577,-0.534563414
-0.078677322,-0.704414306,0.401545129,-0.776936253,0.53645398
0.469838509,-0.242388867,-0.312238736,0.329356481,-0.388147262
0.611456019,-0.58316863,0.449782208,-0.633250036,-0.261734685
-0.563111929,0.662147702,-0.49870591,0.283185301,-0.197908048
-0.129990492,0.291106593,-0.714502866,0.539713416,-0.627429228
0.677044339,0.926585355,0.65767144,0.05242554,0.158236192
0.779405797,-0.613114462,0.001225866,-0.385602584,-0.299639121
-0.248214191,-0.220218482,-0.031502828,0.608050684,0.433809971
-0.021272592,-0.208420461,0.511746516,-0.38964445,0.371215633
-0.15308279,0.43603628,-0.825704332,0.147206248,-0.721241029
0.164319658,-0.621011033,0.80807206,-0.929295812,0.903873235
-0.159234295,0.452939129,-0.509023902,-0.917312125,-0.880514491
0.337297266,0.194314717,0.425793465,-0.689816021,0.345736415
-0.331009805,-0.728952477,-0.952585501,-0.505707507,-0.427719043
0.761066841,0.740527046,0.008936586,0.843603981,-0.295727267
0.461272119,0.656606287,0.346494698,0.046314052,-0.12439218
-0.703456142,0.051793105,-0.186751313,0.007290496,0.29407009
0.252724626,0.689842145,0.091746749,-0.314424312,-0.079971625
-0.526306685,0.25312285,0.372145095,-0.677510631,0.792318836
-0.078558006,-0.493921764,0.628027761,0.75465416,0.955105111
-0.610471853,0.859802826,-0.799763941,-0.292061,-0.662232399
-0.540071522,0.152099056,-0.237045241,-0.541324078,0.388748498
-0.112503906,-0.672600052,0.611763064,-0.465528841,0.705545802
0.719780822,-0.080370867,0.551157606,0.666421442,-0.339270871
-0.639332568,-0.642591627,0.104696568,0.534540207,0.72360017
-0.516046993,0.887081722,-0.191388141,0.07260928,0.34768458
-0.563875995,-0.549177547,-0.862858035,0.474700667,-0.571506698
-0.409469147,0.924181331,-0.211075238,-0.130637721,-0.127167353
0.473705055,0.801108258,-0.031044329,0.978036784,-0.783812341
-0.282795768,-0.62700286,-0.568310486,0.253209646,-0.067814294
0.350441825,-0.801173347,0.228553977,-0.927108294,0.14230057
0.851982499,0.679499145,0.316370157,0.934611435,-0.248195058
-0.168495024,-0.27909815,0.073994963,-0.851695019,-0.176782784
-0.968285708,0.872748375,-0.142736584,0.836188579,0.96070375
0.613520952,0.222049962,0.49294752,0.07151449,-0.056116193
0.638927029,-0.510426916,0.521691386,0.403812038,-0.287956675
0.337228938,0.568379561,0.454450126,0.659732476,-0.081443567
-0.01754442,-0.948490241,0.128778956,-0.290658858,0.283043492
-0.024548141,0.165313919,0.176365381,0.242100637,0.133932442
0.356574476,0.289973343,-0.143092509,-0.910377149,-0.828398027
0.580652218,0.996716725,0.327890744,-0.451911525,-0.994881613
-0.097906885,0.925931371,0.541772751,0.598858527,0.603149914
-0.166360727,0.727241113,-0.040726388,0.398467926,0.019444307
-0.218839001,0.601962665,0.581572432,0.402745965,0.714477205
-0.583671316,-0.547693119,0.029831083,-0.912754275,0.661080836
0.114244836,0.534846492,0.144849256,-0.557704431,0.161568389
-0.066416482,-0.68887138,-0.564922117,0.581340101,-0.208731057
0.734151786,-0.161844063,0.17245148,0.893105884,-0.541027847
-0.269706549,0.092456853,-0.777827324,0.577327047,-0.798891194
0.43878308,0.894394436,0.244355329,0.872267103,0.436618086
0.812354244,0.223498781,0.299255307,0.687869744,0.926548551
-0.294405792,0.161193401,-0.598204268,0.137397333,0.677036395
0.35560801,0.700962362,-0.885826599,-0.431996788,-0.04035881
0.376943979,-0.460623433,0.31973237,-0.321035594,0.972788655
0.809593926,-0.017916553,-0.890161991,0.297295922,0.395438274
0.906508795,0.00113602,0.053409135,-0.96658099,-0.426435084
0.920712804,0.944359331,-0.759709131,-0.679845153,-0.942889744
0.669033895,0.897453443,-0.769642183,-0.997498416,0.423364473
0.810857204,-0.922051076,-0.862113812,0.40625201,-0.244312042
0.419525431,-0.010730866,0.256774736,-0.931266443,0.483127792
-0.067455315,-0.309086007,-0.09186669,0.724624,0.781101207
0.44622834,0.976011891,-0.399015316,0.728834388,0.865332814
0.290829456,0.194711453,-0.127202386,-0.38544417,0.103721384
0.952161138,0.591593134,-0.955736079,-0.604235214,0.148311512
-0.202838382,-0.023405276,-0.299239088,0.830804702,0.769092381
0.797326157,-0.672375918,-0.12551813,0.739162208,0.361520239
0.149899626,0.852154191,-0.72956991,0.723149681,0.166227505
0.301230631,0.123549805,-0.706625154,-0.531581633,0.37926327
0.362471866,0.730514239,-0.321494551,-0.147365545,-0.021690503
0.301815011,-0.545650413,-0.168495631,0.005654342,0.67617454
-0.142137615,-0.933517603,-0.298652871,-0.98750995,0.467357686
0.774926336,0.79075191,-0.394632112,-0.846933391,0.498759047
0.2619814,0.791695097,-0.60975179,-0.107359088,0.127274601
-0.151759871,0.081843121,-0.579259534,0.0002375,0.231914981
0.752865719,0.890224672,-0.085468405,-0.584743746,0.054606818
0.448486599,-0.481866528,-0.310771631,-0.420294282,-0.292631277
-0.63992392,0.535952407,-0.771064473,-0.522795349,0.469734129
0.669124645,-0.311537253,-0.060130577,-0.56496164,0.926829686
0.208112274,0.944635318,-0.203331975,-0.443030002,0.828507071
-0.977553839,0.8678354,-0.976244882,-0.947130486,-0.072432355
0.015590372,0.95724371,-0.698484962,-0.293091996,0.486615699
0.357677323,0.580733778,-0.776625092,0.23253809,0.427314189
-0.570290216,0.051224275,-0.993850738,-0.294271554,-0.066684533
0.4892964,0.349134394,0.339369179,-0.977961687,0.40801972
0.347747729,-0.443679896,-0.525536431,-0.872728781,0.198119631
0.085592675,-0.306624315,-0.779708149,0.018072914,-0.436816631
0.951708474,0.223905192,-0.618066739,0.941507428,0.438060269
-0.522194947,-0.181333771,-0.63800122,0.78324231,0.528150265
-0.748446513,-0.915302881,-0.739053718,0.95227038,0.771403596
0.611285147,-0.704346087,-0.310985214,0.064043028,0.424066006
0.133573314,0.906375861,0.10079371,-0.984760612,0.756038634
0.191531059,-0.592613457,0.216664181,0.592736311,0.901115388
-0.347860187,-0.38190589,-0.545865635,-0.148898695,0.760939576
0.907536038,0.063665503,-0.122294171,0.22444815,-0.57241217
-0.808403979,-0.770796904,-0.635849483,-0.251971784,0.874387961
-0.078565835,0.190882997,-0.29711468,0.823018655,0.537771452
0.280173827,0.478326977,-0.941364341,0.353793805,-0.127466524
0.21094064,-0.409481626,-0.232415347,0.879943235,0.412067478
0.93513236,0.437888163,-0.471579597,-0.769922326,0.620741641
0.527205744,0.434862926,-0.062587972,0.161781269,0.489987829
-0.023003888,0.840172938,-0.674779568,0.733846673,0.634087579
0.737383166,0.76631113,-0.256382242,-0.343036541,-0.050544695
0.924521028,0.024823903,0.225996507,0.456958611,0.555787988
0.650616059,-0.338408839,-0.624225251,-0.908579065,-0.546649447
0.589416345,-0.728677424,-0.486589188,-0.758680275,0.290037846
0.102350848,-0.774765716,-0.72703766,0.25731516,-0.103044424
0.584276893,0.307225275,-0.849318754,-0.375273433,-0.200814162
0.467757044,0.243297126,-0.891709608,-0.082584989,0.647855312
0.382091098,-0.734833549,-0.199427902,0.375574793,0.603347579
-0.32433834,0.465771274,-0.906394352,-0.87789432,-0.2426132
0.293338104,0.602226105,-0.753724733,-0.574811068,0.717779868
-0.266945677,-0.209290158,-0.929101656,-0.059917457,0.261338087
-0.006624844,-0.563849403,-0.7707965,0.616608812,0.700536488
-0.462797979,-0.456175857,-0.73299289,-0.909384482,0.591895914
-0.330909837,0.452129611,-0.827804746,-0.577011921,0.031863152
-0.288093384,-0.677414917,-0.509127871,0.606727549,0.518984652
-0.895690074,0.520432342,-0.580427721,-0.962698525,0.834357463
-0.278320517,-0.169890314,-0.793009282,0.658842658,0.437776864
-0.04010524,0.518527833,-0.342363113,-0.455145506,0.986671231
0.752316217,0.574327474,0.233118481,-0.771110085,-0.181740187
-0.916326257,0.221491028,-0.937438009,-0.887850412,0.893335421
0.050270325,0.739984129,-0.721054709,-0.758064214,-0.684110995
0.75980077,-0.742299905,-0.197872236,-0.711238554,0.222213866
-0.084756029,-0.677953276,-0.808382237,-0.311372988,0.788530996
0.818201125,-0.195858887,-0.960462282,-0.132328174,-0.852673055
-0.476942118,0.852248437,-0.037902377,-0.439214747,0.757763639
-0.04832564,0.324286399,-0.428000813,-0.990805125,0.620400889
-0.481183238,0.339784305,-0.829047231,0.314158642,0.642558399
0.186889267,0.679832124,-0.498919535,0.928686164,0.267050882
-0.362618142,-0.90496036,-0.778088676,-0.296287119,0.281072094
0.317048457,0.529392299,-0.041244732,-0.240441111,0.438024188
-0.24282911,0.618773817,-0.602550303,0.612987844,0.20902895
0.89342318,0.734190621,-0.269976164,-0.051288234,-0.402539291
0.83131948,0.38004751,-0.114585051,-0.695944021,0.02897073
0.500236624,-0.744745827,-0.517722378,0.862619117,0.424366702
0.901953962,-0.459509937,0.254573559,0.324743035,0.999714655
0.774423589,-0.825130459,-0.446070526,0.875854504,0.457938379
0.540094794,0.526469562,-0.922668684,-0.831308994,0.561484246
0.075970647,-0.350281631,-0.888845262,-0.488851091,0.623689627
-0.655586089,0.773942078,-0.481580489,-0.722183152,0.342054322
0.201585077,-0.940761127,-0.61207848,0.423149286,0.653711299
-0.588801306,-0.664946056,-0.433632948,-0.282741554,0.828277775
0.544749573,0.487951223,-0.42353442,0.007272574,0.927570894
0.484820737,0.126546565,-0.411942613,-0.297905307,0.739625695
0.600618749,-0.893197418,0.10615785,-0.511220485,0.130712853
-0.122418011,-0.427078406,-0.499159346,-0.884174508,0.925037243
0.901806754,0.507413809,-0.6840761,-0.344324386,-0.595504947
-0.922501845,0.273054741,-0.848384597,-0.321477846,0.96819955
-0.183633081,0.204578811,-0.963430723,0.295250493,0.760238926
0.870391891,0.96659677,-0.862135127,0.933054491,-0.947283935
-0.780763546,0.222411012,-0.61938069,0.855999632,0.862188
0.370557833,0.405835783,-0.804301954,-0.876815918,-0.815410245
0.593932372,0.905604703,-0.339760651,-0.098804304,0.547247783
-0.123018986,0.719835266,-0.497141717,0.293865599,0.61759088
0.845847009,0.986182802,-0.596724065,-0.739680699,-0.270219645
0.444509871,-0.045447826,-0.104390794,-0.19842102,0.808158401
0.87750142,-0.31494161,0.099783943,0.903301077,0.101412637
0.506776994,0.242194445,-0.858115183,0.731576058,0.807172983
0.874912898,-0.814322225,0.322869553,0.468819102,0.477921281
0.299002088,0.836501962,-0.781689786,0.391272636,0.207810887
0.185473467,-0.633037948,-0.734805853,-0.505487544,0.460319338
-0.039872729,-0.6067254,-0.937879164,0.81294519,-0.055216997
0.274360687,-0.791879874,-0.365105727,-0.314548137,0.329116302
0.515734188,0.858967456,-0.191607816,0.73906961,0.14373097
0.694056223,-0.569394765,0.297581885,0.436131683,0.889524621
0.431887321,-0.784571858,-0.281705268,0.125605709,0.635681926
0.65533151,0.830256924,0.488284995,0.774744895,0.998969945
-0.566940198,-0.465306448,-0.835352643,0.736800122,0.986865318
0.994522101,0.055052363,-0.510843925,-0.519782436,-0.206141746
0.172819456,0.227713679,-0.71986136,0.526829539,0.992528578
0.583580332,0.191987726,-0.886118192,0.624902066,-0.881016013
0.695827821,0.57079497,-0.487613097,0.953744529,0.325221179
0.130658687,0.879766173,-0.851590637,0.588799689,0.637565724
0.785260132,0.505311393,-0.019126648,0.080591918,-0.158177318
0.674868272,0.891509942,-0.569621199,-0.659427872,-0.352325213
0.011262527,0.864595956,-0.303243595,0.630404999,0.33408328
-0.443126908,-0.166868932,-0.819391142,0.28349611,0.375892017
0.864095124,-0.169306608,0.408692002,-0.15112788,0.279540731
0.432586804,0.340605861,0.120192896,0.980962084,0.693020333
-0.040405406,-0.709524715,-0.413051182,-0.601686666,0.02655886
0.932247698,-0.966565107,-0.749394215,0.768051867,0.300901381
0.388831414,-0.229352009,0.027970087,0.924255692,0.698219049
-0.052712813,0.240696393,-0.742049426,-0.748395033,0.593824443
-0.268939197,-0.834628445,-0.771877983,-0.587701462,0.208566369
-0.461569806,0.261851535,-0.693415774,-0.949970449,-0.165210451
0.691159346,-0.525645525,-0.83246829,-0.61421552,-0.917718728
0.369045411,0.57449802,-0.316134033,0.921034101,0.13557279
0.854220138,0.188883475,-0.716307553,-0.501793515,-0.689533625
0.598682377,-0.741949538,-0.427942123,0.58430596,0.524644568
-0.283990704,0.210057637,-0.996170385,0.151524107,-0.469502064
0.372119066,-0.982499802,-0.092902235,-0.036345799,0.536728452
0.754953965,-0.759557313,0.400951518,-0.484102865,0.404723555
0.221739086,-0.279614516,0.065652005,-0.767711274,0.977999281
0.496579706,0.00614795,-0.636159196,0.025692342,-0.227104953
0.458075891,-0.714986266,-0.447479472,0.006899872,0.839324801
0.787921291,0.484980907,-0.652930105,-0.273167136,-0.317920496
-0.301461352,0.864762269,-0.951301306,-0.76473163,-0.478620793
-0.391131063,-0.899380723,-0.957175126,0.086621424,0.297768312
0.299922309,0.463891002,-0.6224555,-0.710572153,-0.524920116
0.83507557,0.572465173,-0.392214826,-0.681147425,-0.181492275
0.567344214,0.65007795,-0.064947631,0.401846888,0.182881442
0.361363337,0.212522038,-0.702225637,0.200802298,0.007224766
0.904559488,-0.379532812,-0.007548754,0.308768076,0.67438849
0.074996478,0.015635994,-0.793292235,-0.537522672,-0.754110285
0.56148364,-0.671435095,-0.916526391,0.962696872,0.603797746
-0.628963827,-0.453005679,-0.29294491,-0.957278326,0.851364181
0.495615256,-0.229734935,-0.44143169,0.40765029,0.322089306
-0.638281446,-0.174762843,-0.778442561,0.704750888,0.910242701
0.756240781,0.636778102,0.727846015,0.550698805,0.857102637
0.457339433,-0.064965428,-0.650641343,-0.42849633,-0.575214965
0.824117548,0.60553502,0.606895619,0.523461475,0.854325396
0.896756031,-0.918218948,-0.305931933,-0.72953592,-0.127164908
0.299458497,0.946055189,-0.954759171,0.747064563,-0.707035147
0.687433053,0.353720785,-0.742755905,-0.650993879,-0.964352621
-0.611732048,0.055782641,-0.708663026,-0.508917341,0.107231235
0.328470709,-0.634457153,-0.585375648,-0.936456781,-0.212211356
-0.091400265,0.334106848,-0.767065258,0.320237594,0.374714614
0.556310689,0.690280752,-0.331602257,-0.080247958,-0.311114118
-0.533323177,-0.391203224,-0.954507194,-0.698563918,0.771812459
0.974843155,-0.396698352,0.274795688,-0.468783004,0.269789624
0.991474452,-0.170486056,-0.604347141,0.04379786,0.022376258
0.57230097,0.729971556,0.65805839,-0.345403073,0.911227567
0.971002738,-0.976330275,-0.930557084,0.421456414,0.183800803
-0.511202579,-0.13420246,-0.6612614,0.018787572,0.654977443
0.458489946,-0.719562881,-0.313627223,-0.16109551,-0.114015517
0.270656241,0.180371976,-0.306128497,-0.707369237,0.283897086
0.956033714,-0.853392751,-0.966106505,0.870702502,0.913898587
0.698545466,-0.163545152,0.700123421,-0.245566334,0.74965573
-0.982324373,0.196364504,-0.969854593,0.786149845,0.549549391
0.118106553,-0.680340834,-0.378898398,0.527078111,0.866009552
0.779267667,-0.387844527,0.56520701,-0.17018131,0.784536709
0.453847521,-0.702879399,-0.292691295,-0.490867334,0.779591306
0.408187226,-0.340189608,0.315592226,-0.644135594,0.601776437
0.885162783,-0.700810331,-0.606821002,0.927539776,0.645851721
0.096586635,-0.541009734,-0.743194234,0.963245013,0.27090382
-0.391323769,-0.363573248,-0.633771804,-0.238185074,0.26308255
0.168830777,0.075137183,-0.505349061,-0.265834918,0.455984974
-0.53290177,0.849390222,-0.802341469,-0.196327972,0.356002144
0.566589704,0.375717194,-0.75356748,-0.564831583,-0.065804724
0.538905817,0.620199823,-0.174632277,0.081426037,-0.329429334
0.717554263,-0.308674719,-0.192248126,-0.660232878,0.60672412
0.773713306,0.929877283,0.168726952,0.556857091,0.171880711
0.811143291,-0.420860589,0.474825324,-0.620981994,0.581652423
0.866691047,0.293081373,-0.648756378,-0.436455883,0.747875509
-0.249742041,0.345744587,-0.345137221,0.740514422,0.473440661
0.09509025,0.229631991,0.068712323,0.52837279,0.697509133
0.604640955,-0.415086787,0.269953231,-0.808168456,0.503997325
-0.295097504,0.481667267,-0.66522775,0.711888017,0.476178751
-0.975207329,0.709658023,-0.505169955,-0.794672132,0.597411607
0.299132491,0.631049709,-0.931977381,0.817304213,-0.406138769
0.340642633,-0.613448063,-0.998986088,0.19335759,0.571828167
0.558923139,0.499256577,0.71717831,-0.819877223,0.645516273
0.973438226,0.163860506,0.30360424,-0.548594675,0.466784735
0.860672303,-0.380624485,-0.875660542,-0.536981163,0.052570891
0.534129169,-0.342461021,-0.127186467,0.782271859,0.955970626
0.171161689,-0.145397309,-0.683937768,0.415891886,-0.07522165
0.541667652,-0.549373086,-0.74144029,0.961094874,0.47663562
0.336590977,-0.929160041,-0.850660592,-0.120330069,0.977690039
0.690441962,0.693313709,-0.083634884,-0.602275469,-0.316016351
-0.234158754,-0.048866282,-0.232872479,0.283744164,0.94775001
0.222261195,-0.2462178,-0.577862442,0.296484506,0.203922098
0.09028254,0.563106504,-0.434818009,0.938662842,0.485466754
0.098616576,0.307827492,0.213467967,-0.414197118,0.571654214
0.14177011,0.941785617,-0.461271191,-0.603373517,-0.538432503
0.582902915,-0.897755097,0.109252539,0.541455157,0.4970371
0.618100662,0.589253665,0.015897458,0.222525333,0.922200864
0.916684631,0.495174752,0.114459451,-0.612833223,0.191640303
0.013760386,-0.862046744,-0.309044201,0.438659556,0.373202181
0.48083444,0.283210508,-0.047717797,-0.787592654,0.290881847
-0.066979846,0.692119465,-0.320827036,-0.809297423,0.50623017
0.316275399,-0.1649844,-0.790750194,0.423763216,0.490204573
0.283555848,-0.894459069,-0.435159728,0.82303041,0.754487711
-0.636509394,-0.595042258,-0.405807815,-0.361964022,0.780497679
0.744833364,-0.659697985,0.088730088,0.549831221,0.510461589
-0.232715645,0.985849121,-0.860340849,-0.177930529,-0.493383527
-0.795725303,0.51616507,-0.451799056,-0.471686847,0.789277861
-0.681371332,0.32042036,-0.991635494,0.480489807,0.919285144
-0.566758086,0.556315552,-0.605723046,-0.267523067,0.44033447
0.346809468,0.528458526,-0.308159171,-0.743599032,-0.178627326
0.338088073,0.059965989,-0.739611199,-0.804179653,0.606043049
-0.255487511,-0.342507588,-0.29636442,0.063260966,0.962651262
0.082125495,0.707112685,0.228369866,0.38060811,0.911834058
0.884915754,-0.651477023,-0.272885446,-0.835033918,-0.575482314
0.452170732,0.305032079,0.038775267,0.550866923,0.613303831
-0.19219938,0.546137802,-0.923455345,-0.599667198,-0.51254882
-0.606917031,0.52638606,-0.695829393,-0.055805239,0.624787931
0.391916986,0.583797954,-0.524687549,-0.035289707,0.010165674
0.96176651,0.943550671,-0.623017419,0.519990615,0.504907275
0.191997238,-0.629084972,-0.881806932,-0.847234332,0.840603879
-0.191401913,0.933255789,-0.902185438,-0.694342985,-0.610849701
0.681362514,0.700253612,0.281133779,0.247936316,0.482198958
0.081245889,0.897513848,-0.243638978,-0.319736259,0.134112874
-0.012076317,-0.606464073,-0.622733802,-0.186499596,-0.199838002
0.635481593,-0.301730336,-0.694227182,-0.049233984,-0.564897453
0.944806243,0.522707069,0.533442055,-0.045244234,0.578302795
-0.365781459,0.521913209,-0.20721005,-0.048242902,0.794186514
0.780082644,0.954245664,-0.85794588,-0.603337461,0.847904667
0.403769978,0.841373354,-0.922680475,-0.779143156,0.554803357
0.769880732,-0.412369059,-0.883071365,-0.626817603,-0.608860989
0.408232451,-0.488819379,-0.853382782,-0.041479343,0.23488374
0.742313641,-0.782012222,-0.45980436,0.564008273,0.619860712
0.732772718,0.267921399,-0.644345335,-0.378101109,-0.515643482
0.699941876,0.214139023,-0.799086807,0.227374434,-0.495552613
0.461733857,-0.149367451,-0.255340546,-0.242489908,0.574748926
0.609908779,0.987865224,-0.535035438,-0.948648516,0.275403614
0.03424413,0.560735632,-0.303636412,-0.842375606,0.780603656
-0.089873208,-0.676613768,-0.861866099,0.20839736,0.148091399
0.505293494,-0.154140223,-0.901416358,-0.339010498,-0.351144989
0.866074337,-0.194030879,-0.677781024,0.320270258,0.971155961
0.625550916,0.074606038,-0.524877098,-0.960093961,0.028401453
0.749168506,0.32347766,-0.855539413,0.09794818,0.584226288
0.099056801,0.74092449,-0.287691004,0.707661805,0.859015435
0.925046248,0.072834617,0.910407194,-0.70543592,0.938809731
0.795088189,-0.253957583,-0.441633576,-0.165747452,0.685802367
0.694115179,-0.806250889,-0.13637322,0.886050332,0.852361167
0.612500625,-0.593008649,-0.366872656,0.739660142,0.552274252
0.386981251,0.147264093,0.4708107,-0.278675986,0.773609604
0.34886883,-0.354040608,-0.469451515,0.346442905,-0.174114234
-0.126481689,-0.090948479,-0.371212347,-0.4263073,0.939491854
-0.307223869,-0.261802723,-0.877235489,0.134073706,0.1693927
0.922315482,0.340994557,0.419126084,0.930991978,0.797842337
0.383809485,-0.904577995,-0.852751958,0.246570499,0.161408022
0.92145607,-0.515066309,0.664505034,-0.417031553,0.513175314
0.394938311,0.178355491,0.10466818,0.6930899,0.972509006
0.370544088,0.363181035,-0.763833546,-0.953060223,-0.797920149
-0.759961985,-0.833148382,-0.751683692,-0.026536809,0.875067136
-0.379557357,-0.630314112,-0.067542177,-0.748925358,0.842672423
0.214163928,0.984814384,-0.316928696,-0.264998145,0.879215874
0.396717816,0.467131192,-0.526145211,-0.307284812,0.380684842
-0.154961784,0.346368122,-0.456896503,-0.954522569,-0.091852078
0.42218914,-0.041982879,0.082848773,-0.860948378,0.065024474
0.391972289,-0.840947434,0.26357157,-0.576078892,0.777002218
0.292761453,0.276837529,-0.55306386,-0.837790253,-0.597126251
0.648116932,-0.932017261,-0.474755667,0.005100264,0.023267274
0.89828586,-0.047010321,-0.230083106,0.749045496,-0.091598552
-0.601207171,-0.378748093,-0.721623995,-0.314995276,0.412273638
-0.762671565,0.762200712,-0.591705787,-0.580194756,0.553439072
-0.119188773,-0.94688864,-0.242475623,0.571494372,0.954950611
0.089771771,0.533399349,0.129679833,0.765856725,0.908345913
0.512516906,-0.272336041,-0.286967318,-0.818292455,0.752791727
0.84222474,0.857795161,0.172127057,0.543039741,-0.134953234
-0.847230042,-0.128456543,-0.960544838,0.671031043,0.983368544
-0.321385835,-0.693201752,-0.613131739,-0.981989181,0.157104676
0.810259183,0.723257732,-0.463140909,-0.687749335,-0.740772645
0.199881535,-0.794734715,-0.441947164,0.330526741,0.085090888
0.361052312,0.16934879,-0.518229319,-0.002392311,-0.568283854
0.380694566,0.092558718,-0.675238807,-0.016019912,-0.440690568
0.998989027,0.955554822,0.068531701,0.373852156,0.964966208
0.941495462,0.965766814,-0.402565955,-0.082382588,0.295446695
